{"name":"d5bec5df-ae2e-46b9-83e1-b64f04514d61","id":"/providers/Microsoft.Flow/flows/d5bec5df-ae2e-46b9-83e1-b64f04514d61","type":"Microsoft.Flow/flows","properties":{"apiId":"/providers/Microsoft.PowerApps/apis/shared_logicflows","displayName":"Team Requests Approval Flow","definition":{"metadata":{"workflowEntityId":null,"creator":{"id":"8f2d4318-73b0-4e48-9724-2eabff044448","type":"User","tenantId":"58788bc5-be66-4433-a05a-6aba99785c87"},"provisioningMethod":"FromDefinition","failureAlertSubscription":true,"clientLastModifiedTime":"2020-03-27T13:16:11.3203889Z"},"$schema":"https://schema.management.azure.com/providers/Microsoft.Logic/schemas/2016-06-01/workflowdefinition.json#","contentVersion":"1.0.0.0","parameters":{"$connections":{"defaultValue":{},"type":"Object"},"$authentication":{"defaultValue":{},"type":"SecureObject"}},"triggers":{"🟡_When_an_item_is_created_-_Change_site_and_list_name_here":{"recurrence":{"frequency":"Minute","interval":1},"splitOn":"@triggerBody()?['value']","metadata":{"flowSystemMetadata":{"swaggerOperationId":"GetOnNewItems"}},"type":"ApiConnection","inputs":{"host":{"connection":{"name":"@parameters('$connections')['shared_sharepointonline']['connectionId']"},"api":{"runtimeUrl":"https://unitedstates-002.azure-apim.net/apim/sharepointonline"}},"method":"get","path":"/datasets/@{encodeURIComponent(encodeURIComponent('https://apijedi.sharepoint.com/sites/ThatAPIGuy'))}/tables/@{encodeURIComponent(encodeURIComponent('c05982ac-f21b-4ef5-966b-bce4359d8faa'))}/onnewitems","authentication":"@parameters('$authentication')"},"description":"There are two more places with SharePoint actions in this flow (inside the condition). Please change the site address and list name there as well."}},"actions":{"Start_and_wait_for_an_approval":{"runAfter":{"Scope":["Succeeded"]},"metadata":{"flowSystemMetadata":{"swaggerOperationId":"StartAndWaitForAnApproval"}},"type":"ApiConnectionWebhook","inputs":{"host":{"connection":{"name":"@parameters('$connections')['shared_approvals']['connectionId']"},"api":{"runtimeUrl":"https://unitedstates-002.azure-apim.net/apim/approvals"}},"body":{"notificationUrl":"@{listCallbackUrl()}","title":"New Team Request - @{triggerBody()?['Team_x0020_Name']} from @{triggerBody()?['Author']?['DisplayName']}","assignedTo":"@{outputs('🟡_Approver_Email_ids')}","details":"Team Name - @{triggerBody()?['Team_x0020_Name']}\n\nOwners - @{join(variables('TeamOwners'),', ')}\nMembers - @{join(variables('TeamMembers'),', ')}","itemLink":"@triggerBody()?['{Link}']","itemLinkDescription":"@triggerBody()?['{Name}']","requestor":"@triggerBody()?['Author']?['Email']","enableNotifications":true,"enableReassignment":true},"path":"/types/@{encodeURIComponent('Basic')}/subscriptions","authentication":"@parameters('$authentication')"}},"Initialize_variable_-_Team_Owners_Array":{"runAfter":{"🟡_Approver_Email_ids":["Succeeded"]},"type":"InitializeVariable","inputs":{"variables":[{"name":"TeamOwners","type":"array"}]}},"Initialize_variable_-_Team_Members_Array":{"runAfter":{"Initialize_variable_-_Team_Owners_Array_with_Graph_Urls":["Succeeded"]},"type":"InitializeVariable","inputs":{"variables":[{"name":"TeamMembers","type":"array"}]}},"Initialize_variable_-_Team_Owners_Array_with_Graph_Urls":{"runAfter":{"Initialize_variable_-_Team_Owners_Array":["Succeeded"]},"type":"InitializeVariable","inputs":{"variables":[{"name":"TeamOwnersGraphURLs","type":"array"}]}},"Initialize_variable_-_Team_Members_Array_with_Graph_Urls":{"runAfter":{"Initialize_variable_-_Team_Members_Array":["Succeeded"]},"type":"InitializeVariable","inputs":{"variables":[{"name":"TeamMembersGraphURLs","type":"array"}]}},"🟡_Approver_Email_ids":{"runAfter":{},"type":"Compose","inputs":"thatapiguy@thatapiguy.tech","description":"Enter e-mail addresses of approvers separated by ;"},"🟡_Check_if_approved_or_not":{"actions":{"Group_Id":{"runAfter":{"Invoke_an_HTTP_request_-_Create_a_group":["Succeeded"]},"type":"Compose","inputs":"@body('Invoke_an_HTTP_request_-_Create_a_group')?['id']"},"Invoke_an_HTTP_request_-_Put_a_team_for_the_created_group":{"runAfter":{"Group_Id":["Succeeded"]},"metadata":{"flowSystemMetadata":{"swaggerOperationId":"InvokeHttp"}},"type":"ApiConnection","inputs":{"host":{"connection":{"name":"@parameters('$connections')['shared_webcontents']['connectionId']"},"api":{"runtimeUrl":"https://unitedstates-002.azure-apim.net/apim/webcontents"}},"method":"post","body":{"method":"PUT","url":"https://graph.microsoft.com/v1.0/groups/@{outputs('Group_Id')}/team","headers":{"Content-type":"application/json"},"body":"@{base64(concat('{  ','\n','  \"memberSettings\": {','\n','    \"allowCreateUpdateChannels\": true','\n','  },','\n','  \"messagingSettings\": {','\n','    \"allowUserEditMessages\": true,','\n','    \"allowUserDeleteMessages\": true','\n','  },','\n','  \"funSettings\": {','\n','    \"allowGiphy\": true,','\n','    \"giphyContentRating\": \"strict\"','\n','  }','\n','}'))}"},"path":"/codeless/InvokeHttp","authentication":"@parameters('$authentication')","retryPolicy":{"type":"fixed","count":3,"interval":"PT10S"}}},"Invoke_an_HTTP_request_-_Create_a_group":{"runAfter":{"Request_body_for_Create_a_group_request_below":["Succeeded"]},"metadata":{"flowSystemMetadata":{"swaggerOperationId":"InvokeHttp"}},"type":"ApiConnection","inputs":{"host":{"connection":{"name":"@parameters('$connections')['shared_webcontents']['connectionId']"},"api":{"runtimeUrl":"https://unitedstates-002.azure-apim.net/apim/webcontents"}},"method":"post","body":{"method":"POST","url":"https://graph.microsoft.com/v1.0/groups","headers":{"Content-Type":"application/json"},"body":"@{base64(outputs('Request_body_for_Create_a_group_request_below'))}"},"path":"/codeless/InvokeHttp","authentication":"@parameters('$authentication')"}},"Request_body_for_Create_a_group_request_below":{"runAfter":{},"type":"Compose","inputs":{"displayName":"@{triggerBody()?['Team_x0020_Name']}","groupTypes":["Unified"],"mailEnabled":true,"mailNickname":"@replace(triggerBody()?['Team_x0020_Name'],' ','')","visibility":"private","securityEnabled":false,"owners@odata.bind":"@variables('TeamOwnersGraphURLs')","members@odata.bind":"@variables('TeamMembersGraphURLs')"}},"Current_time":{"runAfter":{"Invoke_an_HTTP_request_-_Put_a_team_for_the_created_group":["Succeeded"]},"type":"Expression","kind":"CurrentTime","inputs":{}},"🟡_Update_item_with_status_as_Approved_and_add_Team_URL":{"runAfter":{"Send_a_Team_approved_email_to_requestor":["Succeeded"]},"metadata":{"flowSystemMetadata":{"swaggerOperationId":"PatchItem"}},"type":"ApiConnection","inputs":{"host":{"connection":{"name":"@parameters('$connections')['shared_sharepointonline']['connectionId']"},"api":{"runtimeUrl":"https://unitedstates-002.azure-apim.net/apim/sharepointonline"}},"method":"patch","body":{"Title":"@triggerBody()?['Title']","Approval_x0020_Date":"@body('Current_time')","Approval_x0020_Status":"Approved","Created_x0020_Team_x0020_Url":"@{body('Invoke_an_HTTP_request_-_Put_a_team_for_the_created_group')?['webUrl']}"},"path":"/datasets/@{encodeURIComponent(encodeURIComponent('https://apijedi.sharepoint.com/sites/ThatAPIGuy'))}/tables/@{encodeURIComponent(encodeURIComponent('c05982ac-f21b-4ef5-966b-bce4359d8faa'))}/items/@{encodeURIComponent(triggerBody()?['ID'])}","authentication":"@parameters('$authentication')"}},"Send_a_Team_approved_email_to_requestor":{"runAfter":{"Current_time":["Succeeded"]},"metadata":{"flowSystemMetadata":{"swaggerOperationId":"SendEmailV2"}},"type":"ApiConnection","inputs":{"host":{"connection":{"name":"@parameters('$connections')['shared_office365']['connectionId']"},"api":{"runtimeUrl":"https://unitedstates-002.azure-apim.net/apim/office365"}},"method":"post","body":{"To":"@triggerBody()?['Author']?['Email']","Subject":"New Team Request Approved - @{triggerBody()?['Team_x0020_Name']}","Body":"<p>Your request for a new Team has been approved!<br>\n<br>\nTeam Name - @{triggerBody()?['Team_x0020_Name']}<br>\nOwners - @{join(variables('TeamOwners'),', ')}<br>\nMembers - @{join(variables('TeamMembers'),', ')}<br>\n<br>\n<a href=\"@{body('Invoke_an_HTTP_request_-_Put_a_team_for_the_created_group')?['webUrl']}\">Link to the Team</a></p>"},"path":"/v2/Mail","authentication":"@parameters('$authentication')"}}},"runAfter":{"Start_and_wait_for_an_approval":["Succeeded"]},"else":{"actions":{"Apply_to_each":{"foreach":"@body('Start_and_wait_for_an_approval')?['responses']","actions":{"Send_an_email_to_requestor_with_comments":{"runAfter":{},"metadata":{"flowSystemMetadata":{"swaggerOperationId":"SendEmailV2"}},"type":"ApiConnection","inputs":{"host":{"connection":{"name":"@parameters('$connections')['shared_office365']['connectionId']"},"api":{"runtimeUrl":"https://unitedstates-002.azure-apim.net/apim/office365"}},"method":"post","body":{"To":"@triggerBody()?['Author']?['Email']","Subject":"Your request for the new team - @{triggerBody()?['Team_x0020_Name']} was rejected.","Body":"<p>Reason for rejection - <br>\n<br>\n@{items('Apply_to_each')?['comments']}</p>"},"path":"/v2/Mail","authentication":"@parameters('$authentication')"}}},"runAfter":{},"type":"Foreach"},"🟡_Update_item_with_status_as_Rejected":{"runAfter":{"Apply_to_each":["Succeeded"]},"metadata":{"flowSystemMetadata":{"swaggerOperationId":"PatchItem"}},"type":"ApiConnection","inputs":{"host":{"connection":{"name":"@parameters('$connections')['shared_sharepointonline']['connectionId']"},"api":{"runtimeUrl":"https://unitedstates-002.azure-apim.net/apim/sharepointonline"}},"method":"patch","body":{"Title":"@triggerBody()?['Title']","Approval_x0020_Status":"Rejected"},"path":"/datasets/@{encodeURIComponent(encodeURIComponent('https://apijedi.sharepoint.com/sites/ThatAPIGuy'))}/tables/@{encodeURIComponent(encodeURIComponent('c05982ac-f21b-4ef5-966b-bce4359d8faa'))}/items/@{encodeURIComponent(triggerBody()?['ID'])}","authentication":"@parameters('$authentication')"}}}},"expression":{"equals":["@body('Start_and_wait_for_an_approval')?['outcome']","Approve"]},"type":"If"},"Scope":{"actions":{"Create_Team_Owners_Array":{"foreach":"@triggerBody()?['Owners']","actions":{"Append_to_array_variable":{"runAfter":{},"type":"AppendToArrayVariable","inputs":{"name":"TeamOwners","value":"@items('Create_Team_Owners_Array')?['Email']"}}},"runAfter":{},"type":"Foreach"},"Create_Team_Owners_with_Graph_URLs_Array_":{"foreach":"@triggerBody()?['Owners']","actions":{"Append_to_array_variable_3":{"runAfter":{},"type":"AppendToArrayVariable","inputs":{"name":"TeamOwnersGraphURLs","value":"https://graph.microsoft.com/v1.0/users/@{items('Create_Team_Owners_with_Graph_URLs_Array_')?['Email']}"}}},"runAfter":{"Create_Team_Owners_Array":["Succeeded"]},"type":"Foreach"},"Create_Team_Members_Array":{"foreach":"@triggerBody()?['Members']","actions":{"Append_to_array_variable_2":{"runAfter":{},"type":"AppendToArrayVariable","inputs":{"name":"TeamMembers","value":"@items('Create_Team_Members_Array')?['Email']"}}},"runAfter":{"Create_Team_Owners_with_Graph_URLs_Array_":["Succeeded"]},"type":"Foreach"},"Create_Team_Members_with_Graph_URLs_Array":{"foreach":"@triggerBody()?['Members']","actions":{"Append_to_array_variable_4":{"runAfter":{},"type":"AppendToArrayVariable","inputs":{"name":"TeamMembersGraphURLs","value":"https://graph.microsoft.com/v1.0/users/@{items('Create_Team_Members_with_Graph_URLs_Array')?['Email']}"}}},"runAfter":{"Create_Team_Members_Array":["Succeeded"]},"type":"Foreach"}},"runAfter":{"Initialize_variable_-_Team_Members_Array_with_Graph_Urls":["Succeeded"]},"type":"Scope"}},"description":"This flow will be triggered every time a new item is added in the OrgTeamsRequests SP List.\n\nPlease edit all the actions marked 🟡 before you test the Power App.\n\nItems to edit -\n1. SharePoint Site URL\n2. SharePoint List name\n3. Approver E-mail Ids.\n\nThe reason why we didn't trigger this flow through PowerApps is because the flow would have run in context of the user, however, for the Graph HTTP requests to work, the flow needs to be run in context of the Office 365 admin."},"connectionReferences":{"shared_approvals":{"connectionName":"shared-approvals-e6a48515-736a-470c-8c15-935f1b47c6ea","source":"Embedded","id":"/providers/Microsoft.PowerApps/apis/shared_approvals","tier":"NotSpecified"},"shared_webcontents":{"connectionName":"f258e94f698743eda2ac4ab3bce42e00","source":"Embedded","id":"/providers/Microsoft.PowerApps/apis/shared_webcontents","tier":"NotSpecified"},"shared_sharepointonline":{"connectionName":"48f5e89adef949be9d75e2cb0e400d72","source":"Embedded","id":"/providers/Microsoft.PowerApps/apis/shared_sharepointonline","tier":"NotSpecified"},"shared_office365":{"connectionName":"fc8e5ef79371491899ec86a84cc91e46","source":"Embedded","id":"/providers/Microsoft.PowerApps/apis/shared_office365","tier":"NotSpecified"}},"flowFailureAlertSubscribed":false}}