{"schemaVersion":"1.0","appDefinitionTemplate":{"id":"/providers/Microsoft.PowerApps/apps/","type":"Microsoft.PowerApps/apps","tags":{"primaryDeviceWidth":"1366","primaryDeviceHeight":"768","sienaVersion":"20200327T125653Z-3.20022.21.0","deviceCapabilities":"","supportsPortrait":"false","supportsLandscape":"true","primaryFormFactor":"Tablet","publisherVersion":"3.20022.21","minimumRequiredApiVersion":"2.2.0","hasComponent":"true","hasUnlockedComponent":"true"},"properties":{"appVersion":"2020-03-27T12:56:53Z","lifeCycleId":"Published","createdByClientVersion":{"major":3,"minor":20022,"build":21,"revision":0,"majorRevision":0,"minorRevision":0},"minClientVersion":{"major":3,"minor":20022,"build":21,"revision":0,"majorRevision":0,"minorRevision":0},"backgroundColor":"rgba(142, 140, 216, 1)","backgroundImageUri":"/2199633726205388428/N4bd4b6d9-50be-494b-9869-2545c91049aa-logoSmallFile","displayName":"I need a Team","description":"An app to submit requests for new teams.","commitMessage":"","appUris":{"documentUri":{"value":"/2199633726205388428/N93132b0f-2cc4-4c22-b1f7-9bd948b9ddc8-document.msapp","readonlyValue":"/2199633726205388428/N93132b0f-2cc4-4c22-b1f7-9bd948b9ddc8-document.msapp"},"imageUris":[]},"createdTime":"0001-01-01T00:00:00Z","lastModifiedTime":"0001-01-01T00:00:00Z","sharedGroupsCount":0,"sharedUsersCount":0,"icons":{"smallIconUri":"/2199633726205388428/N61f3c5f1-d114-4e18-923d-f893b2195bdd-small.png","mediumIconUri":"/2199633726205388428/Na82722fb-6478-4307-8f07-ad85ea81c6a0-medium.png","largeIconUri":"/2199633726205388428/N4a7f1609-e398-4704-8a61-28a52cf5d192-large.png","wideIconUri":"/2199633726205388428/N5b3d5ff2-0f6c-4b3f-bed1-8e717b0899a8-wide.png"},"connectionReferences":{"5bd93f18-bfe6-4d82-b368-49b17e27031f":{"id":"937f1ebe-f0ba-4be1-9ee6-57bd0ce2436d","displayName":"Microsoft Teams","iconUri":"https://connectoricons-prod.azureedge.net/teams/icon_1.0.1302.1868.png","dataSources":["MicrosoftTeams"],"dependencies":[],"dependents":[],"parameterHints":{},"isOnPremiseConnection":false,"bypassConsent":false,"dataSets":{},"apiTier":"Standard","isCustomApiConnection":false},"7ce4d214-7460-4aa9-921b-0a7f8f0051cb":{"id":"bb9d8f58-4086-43de-b8de-df84aace32ba","displayName":"Office 365 Outlook","iconUri":"https://connectoricons-prod.azureedge.net/office365/icon_1.0.1324.1936.png","dataSources":["Office365Outlook"],"dependencies":[],"dependents":[],"parameterHints":{},"isOnPremiseConnection":false,"bypassConsent":false,"dataSets":{},"apiTier":"Standard","isCustomApiConnection":false},"38e9d61c-be47-4730-962d-7cbc271b3379":{"id":"76d3ea76-b818-4727-bef7-f28b63a0cfdb","displayName":"Office 365 Users","iconUri":"https://connectoricons-prod.azureedge.net/office365users/icon_1.0.1309.1901.png","dataSources":["Office365Users"],"dependencies":[],"dependents":[],"parameterHints":{},"isOnPremiseConnection":false,"bypassConsent":false,"dataSets":{},"apiTier":"Standard","isCustomApiConnection":false},"f4bdaaac-b334-4cc8-b283-35ecdead3d09":{"id":"8f576b99-aea6-4076-9883-5b0dee552ebb","displayName":"SharePoint","iconUri":"https://connectoricons-prod.azureedge.net/sharepointonline/icon_1.0.1317.1924.png","dataSources":["OrgTeamsRequests"],"dependencies":[],"dependents":[],"parameterHints":{},"isOnPremiseConnection":false,"bypassConsent":false,"dataSets":{"https://apijedi.sharepoint.com/sites/ThatAPIGuy":{"dataSources":{"OrgTeamsRequests":{"tableName":"c05982ac-f21b-4ef5-966b-bce4359d8faa"}}}},"apiTier":"Standard","isCustomApiConnection":false}},"databaseReferences":{},"almMode":"Environment","performanceOptimizationEnabled":false,"canConsumeAppPass":true},"isAppComponentLibrary":false,"appType":"ClassicCanvasApp","appComponents":[]}}